Filename,TrueLabel,ProbCategory0,ProbCategory1
NET_negative/20211111.lif_ctr 3.11.21NET488_MPO633_010.tif_sub_image_120.png,0,0.9999876,1.2370161e-05
NET_negative/20211111.lif_ctr 3.11.21NET488_MPO633_010.tif_sub_image_121.png,0,0.999995,5.0552517e-06
NET_negative/20211111.lif_ctr 3.11.21NET488_MPO633_010.tif_sub_image_122.png,0,0.99999964,3.1198914e-07
NET_negative/20211111.lif_ctr 3.11.21NET488_MPO633_010.tif_sub_image_123.png,0,0.9997254,0.0002746146
NET_negative/20211111.lif_ctr 3.11.21NET488_MPO633_010.tif_sub_image_124.png,0,5.0669063e-05,0.99994934
NET_negative/20211111.lif_ctr 3.11.21NET488_MPO633_010.tif_sub_image_125.png,0,0.99999464,5.4231764e-06
NET_negative/20211111.lif_ctr 3.11.21NET488_MPO633_010.tif_sub_image_126.png,0,0.99995196,4.7995603e-05
NET_negative/20211111.lif_ctr 3.11.21NET488_MPO633_010.tif_sub_image_127.png,0,3.0948715e-05,0.99996907
NET_negative/20211111.lif_ctr 3.11.21NET488_MPO633_010.tif_sub_image_128.png,0,0.0013760934,0.9986239
NET_negative/20211111.lif_ctr 3.11.21NET488_MPO633_010.tif_sub_image_129.png,0,0.98741823,0.012581714
NET_negative/20211111.lif_ctr 3.11.21NET488_MPO633_010.tif_sub_image_13.png,0,0.022206312,0.9777937
NET_negative/20211111.lif_ctr 3.11.21NET488_MPO633_010.tif_sub_image_130.png,0,6.668836e-07,0.9999993
NET_negative/20211111.lif_ctr 3.11.21NET488_MPO633_010.tif_sub_image_131.png,0,5.810439e-09,1.0
NET_negative/20211111.lif_ctr 3.11.21NET488_MPO633_010.tif_sub_image_132.png,0,0.99998087,1.9207926e-05
NET_negative/20211111.lif_ctr 3.11.21NET488_MPO633_010.tif_sub_image_133.png,0,0.9872121,0.012787865
NET_negative/20211111.lif_ctr 3.11.21NET488_MPO633_010.tif_sub_image_134.png,0,0.9979241,0.0020759117
NET_negative/20211111.lif_ctr 3.11.21NET488_MPO633_010.tif_sub_image_135.png,0,1.8587616e-09,1.0
NET_negative/20211111.lif_ctr 3.11.21NET488_MPO633_010.tif_sub_image_136.png,0,0.002055658,0.9979443
NET_negative/20211111.lif_ctr 3.11.21NET488_MPO633_010.tif_sub_image_137.png,0,0.9999969,3.111541e-06
NET_negative/20211111.lif_ctr 3.11.21NET488_MPO633_010.tif_sub_image_139.png,0,0.9999974,2.6020532e-06
NET_negative/20211111.lif_ctr 3.11.21NET488_MPO633_010.tif_sub_image_14.png,0,0.9999962,3.771783e-06
NET_negative/20211111.lif_ctr 3.11.21NET488_MPO633_010.tif_sub_image_140.png,0,0.9999981,1.8897271e-06
NET_negative/20211111.lif_ctr 3.11.21NET488_MPO633_010.tif_sub_image_15.png,0,0.9999835,1.662843e-05
NET_negative/20211111.lif_ctr 3.11.21NET488_MPO633_010.tif_sub_image_16.png,0,0.9813464,0.018653538
NET_negative/20211111.lif_ctr 3.11.21NET488_MPO633_010.tif_sub_image_17.png,0,0.050526727,0.94947326
NET_negative/20211111.lif_ctr 3.11.21NET488_MPO633_010.tif_sub_image_18.png,0,0.9999993,7.3199885e-07
NET_negative/20211111.lif_ctr 3.11.21NET488_MPO633_010.tif_sub_image_19.png,0,0.9999913,8.712481e-06
NET_negative/20211111.lif_ctr 3.11.21NET488_MPO633_010.tif_sub_image_2.png,0,1.0,1.4125597e-08
NET_negative/20211111.lif_ctr 3.11.21NET488_MPO633_010.tif_sub_image_20.png,0,0.9899206,0.010079352
NET_negative/20211111.lif_ctr 3.11.21NET488_MPO633_010.tif_sub_image_21.png,0,0.99999774,2.2612558e-06
NET_negative/20211111.lif_ctr 3.11.21NET488_MPO633_010.tif_sub_image_22.png,0,0.9993987,0.0006012282
NET_negative/20211111.lif_ctr 3.11.21NET488_MPO633_010.tif_sub_image_23.png,0,0.9999958,4.1449775e-06
NET_negative/20211111.lif_ctr 3.11.21NET488_MPO633_010.tif_sub_image_24.png,0,0.0034462514,0.9965538
NET_negative/20211111.lif_ctr 3.11.21NET488_MPO633_010.tif_sub_image_25.png,0,4.935587e-34,1.0
NET_negative/20211111.lif_ctr 3.11.21NET488_MPO633_010.tif_sub_image_26.png,0,1.0,1.0833904e-11
NET_negative/20211111.lif_ctr 3.11.21NET488_MPO633_010.tif_sub_image_27.png,0,0.048645046,0.95135504
NET_negative/20211111.lif_ctr 3.11.21NET488_MPO633_010.tif_sub_image_28.png,0,0.98560584,0.014394156
NET_negative/20211111.lif_ctr 3.11.21NET488_MPO633_010.tif_sub_image_29.png,0,0.99995726,4.2805197e-05
NET_negative/20211111.lif_ctr 3.11.21NET488_MPO633_010.tif_sub_image_3.png,0,0.9997794,0.00022058342
NET_negative/20211111.lif_ctr 3.11.21NET488_MPO633_010.tif_sub_image_30.png,0,0.99982,0.00017994853
NET_negative/20211111.lif_ctr 3.11.21NET488_MPO633_010.tif_sub_image_31.png,0,0.00061217294,0.99938786
NET_negative/20211111.lif_ctr 3.11.21NET488_MPO633_010.tif_sub_image_32.png,0,0.00070270663,0.9992973
NET_negative/20211111.lif_ctr 3.11.21NET488_MPO633_010.tif_sub_image_33.png,0,0.9990379,0.00096204114
NET_negative/20211111.lif_ctr 3.11.21NET488_MPO633_010.tif_sub_image_34.png,0,0.0003023314,0.9996977
NET_negative/20211111.lif_ctr 3.11.21NET488_MPO633_010.tif_sub_image_35.png,0,0.9999473,5.2727697e-05
NET_negative/20211111.lif_ctr 3.11.21NET488_MPO633_010.tif_sub_image_36.png,0,0.9999993,7.556167e-07
NET_negative/20211111.lif_ctr 3.11.21NET488_MPO633_010.tif_sub_image_37.png,0,0.999975,2.5044403e-05
NET_negative/20211111.lif_ctr 3.11.21NET488_MPO633_010.tif_sub_image_39.png,0,0.044029754,0.95597017
NET_negative/20211111.lif_ctr 3.11.21NET488_MPO633_010.tif_sub_image_4.png,0,1.0,1.6543753e-08
NET_negative/20211111.lif_ctr 3.11.21NET488_MPO633_010.tif_sub_image_41.png,0,0.9998102,0.00018979268
NET_negative/20211111.lif_ctr 3.11.21NET488_MPO633_010.tif_sub_image_42.png,0,0.99977154,0.00022841824
NET_negative/20211111.lif_ctr 3.11.21NET488_MPO633_010.tif_sub_image_43.png,0,0.99999046,9.554245e-06
NET_negative/20211111.lif_ctr 3.11.21NET488_MPO633_010.tif_sub_image_44.png,0,0.9999976,2.391936e-06
NET_negative/20211111.lif_ctr 3.11.21NET488_MPO633_010.tif_sub_image_45.png,0,0.9999914,8.527995e-06
NET_negative/20211111.lif_ctr 3.11.21NET488_MPO633_010.tif_sub_image_46.png,0,0.9999982,1.8156786e-06
NET_negative/20211111.lif_ctr 3.11.21NET488_MPO633_010.tif_sub_image_47.png,0,6.377624e-13,1.0
NET_negative/20211111.lif_ctr 3.11.21NET488_MPO633_010.tif_sub_image_5.png,0,1.0,4.7742184e-08
NET_negative/20211111.lif_ctr 3.11.21NET488_MPO633_010.tif_sub_image_52.png,0,3.0440802e-05,0.99996966
NET_negative/20211111.lif_ctr 3.11.21NET488_MPO633_010.tif_sub_image_53.png,0,5.0881885e-09,1.0
NET_negative/20211111.lif_ctr 3.11.21NET488_MPO633_010.tif_sub_image_54.png,0,5.976738e-05,0.9999403
NET_negative/20211111.lif_ctr 3.11.21NET488_MPO633_010.tif_sub_image_55.png,0,0.99996954,3.0471703e-05
NET_negative/20211111.lif_ctr 3.11.21NET488_MPO633_010.tif_sub_image_57.png,0,0.99999475,5.1883467e-06
NET_negative/20211111.lif_ctr 3.11.21NET488_MPO633_010.tif_sub_image_59.png,0,0.9999988,1.251666e-06
NET_negative/20211111.lif_ctr 3.11.21NET488_MPO633_010.tif_sub_image_6.png,0,0.99296457,0.007035427
NET_negative/20211111.lif_ctr 3.11.21NET488_MPO633_010.tif_sub_image_60.png,0,0.99999964,3.0104795e-07
NET_negative/20211111.lif_ctr 3.11.21NET488_MPO633_010.tif_sub_image_61.png,0,0.99999297,7.0062433e-06
NET_negative/20211111.lif_ctr 3.11.21NET488_MPO633_010.tif_sub_image_62.png,0,0.99969625,0.00030372824
NET_negative/20211111.lif_ctr 3.11.21NET488_MPO633_010.tif_sub_image_63.png,0,0.0001620543,0.99983793
NET_negative/20211111.lif_ctr 3.11.21NET488_MPO633_010.tif_sub_image_64.png,0,0.060519632,0.93948036
NET_negative/20211111.lif_ctr 3.11.21NET488_MPO633_010.tif_sub_image_65.png,0,0.9999951,4.8616353e-06
NET_negative/20211111.lif_ctr 3.11.21NET488_MPO633_010.tif_sub_image_66.png,0,3.885371e-10,1.0
NET_negative/20211111.lif_ctr 3.11.21NET488_MPO633_010.tif_sub_image_68.png,0,5.9271835e-14,1.0
NET_negative/20211111.lif_ctr 3.11.21NET488_MPO633_010.tif_sub_image_69.png,0,0.00090369646,0.9990963
NET_negative/20211111.lif_ctr 3.11.21NET488_MPO633_010.tif_sub_image_7.png,0,1.5407029e-09,1.0
NET_negative/20211111.lif_ctr 3.11.21NET488_MPO633_010.tif_sub_image_71.png,0,0.00056195905,0.99943805
NET_negative/20211111.lif_ctr 3.11.21NET488_MPO633_010.tif_sub_image_72.png,0,4.3054148e-05,0.999957
NET_negative/20211111.lif_ctr 3.11.21NET488_MPO633_010.tif_sub_image_73.png,0,1.0,4.6663462e-08
NET_negative/20211111.lif_ctr 3.11.21NET488_MPO633_010.tif_sub_image_74.png,0,0.0048180567,0.995182
NET_negative/20211111.lif_ctr 3.11.21NET488_MPO633_010.tif_sub_image_75.png,0,0.9999913,8.718739e-06
NET_negative/20211111.lif_ctr 3.11.21NET488_MPO633_010.tif_sub_image_76.png,0,0.005876638,0.9941234
NET_negative/20211111.lif_ctr 3.11.21NET488_MPO633_010.tif_sub_image_78.png,0,0.030566497,0.96943355
NET_negative/20211111.lif_ctr 3.11.21NET488_MPO633_010.tif_sub_image_79.png,0,0.016232567,0.9837675
NET_negative/20211111.lif_ctr 3.11.21NET488_MPO633_010.tif_sub_image_8.png,0,0.999978,2.2060272e-05
NET_negative/20211111.lif_ctr 3.11.21NET488_MPO633_010.tif_sub_image_80.png,0,0.0008770963,0.9991229
NET_negative/20211111.lif_ctr 3.11.21NET488_MPO633_010.tif_sub_image_82.png,0,0.00032072273,0.9996793
NET_negative/20211111.lif_ctr 3.11.21NET488_MPO633_010.tif_sub_image_84.png,0,0.9999515,4.8571714e-05
NET_negative/20211111.lif_ctr 3.11.21NET488_MPO633_010.tif_sub_image_85.png,0,0.9946238,0.0053761974
NET_negative/20211111.lif_ctr 3.11.21NET488_MPO633_010.tif_sub_image_86.png,0,0.0012775171,0.99872255
NET_negative/20211111.lif_ctr 3.11.21NET488_MPO633_010.tif_sub_image_87.png,0,6.025421e-05,0.9999398
NET_negative/20211111.lif_ctr 3.11.21NET488_MPO633_010.tif_sub_image_88.png,0,0.99999976,2.24107e-07
NET_negative/20211111.lif_ctr 3.11.21NET488_MPO633_010.tif_sub_image_89.png,0,0.99999976,2.2305963e-07
NET_negative/20211111.lif_ctr 3.11.21NET488_MPO633_010.tif_sub_image_9.png,0,0.9994274,0.0005725509
NET_negative/20211111.lif_ctr 3.11.21NET488_MPO633_010.tif_sub_image_90.png,0,0.9930867,0.0069133653
NET_negative/20211111.lif_ctr 3.11.21NET488_MPO633_010.tif_sub_image_91.png,0,7.186572e-14,1.0
NET_negative/20211111.lif_ctr 3.11.21NET488_MPO633_010.tif_sub_image_93.png,0,0.99994826,5.1691288e-05
NET_negative/20211111.lif_ctr 3.11.21NET488_MPO633_010.tif_sub_image_94.png,0,2.4157237e-17,1.0
NET_negative/20211111.lif_ctr 3.11.21NET488_MPO633_010.tif_sub_image_95.png,0,1.5402861e-16,1.0
NET_negative/20211111.lif_ctr 3.11.21NET488_MPO633_010.tif_sub_image_96.png,0,0.98042506,0.019574916
NET_negative/20211111.lif_ctr 3.11.21NET488_MPO633_010.tif_sub_image_98.png,0,0.999925,7.495001e-05
NET_negative/20211111.lif_ctr 3.11.21NET488_MPO633_010.tif_sub_image_99.png,0,0.996161,0.003838957
NET_negative/20211111.lif_ctr 3.11.21NET488_MPO633_013.tif_sub_image_0.png,0,0.9989322,0.0010678123
NET_negative/20211111.lif_ctr 3.11.21NET488_MPO633_013.tif_sub_image_1.png,0,9.805209e-05,0.99990195
NET_negative/20211111.lif_ctr 3.11.21NET488_MPO633_013.tif_sub_image_10.png,0,0.9999989,1.0255588e-06
NET_negative/20211111.lif_ctr 3.11.21NET488_MPO633_013.tif_sub_image_100.png,0,0.004902432,0.9950976
NET_negative/20211111.lif_ctr 3.11.21NET488_MPO633_013.tif_sub_image_101.png,0,0.99999857,1.4412053e-06
NET_negative/20211111.lif_ctr 3.11.21NET488_MPO633_013.tif_sub_image_103.png,0,0.9999987,1.3164718e-06
NET_negative/20211111.lif_ctr 3.11.21NET488_MPO633_013.tif_sub_image_104.png,0,0.9999999,6.423077e-08
NET_negative/20211111.lif_ctr 3.11.21NET488_MPO633_013.tif_sub_image_105.png,0,0.99999666,3.392129e-06
NET_negative/20211111.lif_ctr 3.11.21NET488_MPO633_013.tif_sub_image_106.png,0,0.9999906,9.409351e-06
NET_negative/20211111.lif_ctr 3.11.21NET488_MPO633_013.tif_sub_image_107.png,0,6.970535e-08,0.9999999
NET_negative/20211111.lif_ctr 3.11.21NET488_MPO633_013.tif_sub_image_108.png,0,0.0015882893,0.99841166
NET_negative/20211111.lif_ctr 3.11.21NET488_MPO633_013.tif_sub_image_109.png,0,6.3679e-13,1.0
NET_negative/20211111.lif_ctr 3.11.21NET488_MPO633_013.tif_sub_image_11.png,0,0.9997851,0.0002149109
NET_negative/20211111.lif_ctr 3.11.21NET488_MPO633_013.tif_sub_image_110.png,0,0.9999938,6.212641e-06
NET_negative/20211111.lif_ctr 3.11.21NET488_MPO633_013.tif_sub_image_111.png,0,0.9998294,0.00017056041
NET_negative/20211111.lif_ctr 3.11.21NET488_MPO633_013.tif_sub_image_112.png,0,0.9998876,0.00011234492
NET_negative/20211111.lif_ctr 3.11.21NET488_MPO633_013.tif_sub_image_113.png,0,0.99995726,4.2821324e-05
NET_negative/20211111.lif_ctr 3.11.21NET488_MPO633_013.tif_sub_image_114.png,0,1.4266043e-15,1.0
NET_negative/20211111.lif_ctr 3.11.21NET488_MPO633_013.tif_sub_image_115.png,0,1.0257957e-06,0.9999989
NET_negative/20211111.lif_ctr 3.11.21NET488_MPO633_013.tif_sub_image_116.png,0,0.99999213,7.898463e-06
NET_negative/20211111.lif_ctr 3.11.21NET488_MPO633_013.tif_sub_image_117.png,0,0.9999987,1.2974307e-06
NET_negative/20211111.lif_ctr 3.11.21NET488_MPO633_013.tif_sub_image_118.png,0,0.9973348,0.0026651896
NET_negative/20211111.lif_ctr 3.11.21NET488_MPO633_013.tif_sub_image_13.png,0,0.99995196,4.8051843e-05
NET_negative/20211111.lif_ctr 3.11.21NET488_MPO633_013.tif_sub_image_14.png,0,0.999817,0.00018295704
NET_negative/20211111.lif_ctr 3.11.21NET488_MPO633_013.tif_sub_image_15.png,0,0.98923415,0.010765782
NET_negative/20211111.lif_ctr 3.11.21NET488_MPO633_013.tif_sub_image_16.png,0,0.9999762,2.3783474e-05
NET_negative/20211111.lif_ctr 3.11.21NET488_MPO633_013.tif_sub_image_17.png,0,1.7287418e-11,1.0
NET_negative/20211111.lif_ctr 3.11.21NET488_MPO633_013.tif_sub_image_18.png,0,0.9997385,0.0002615235
NET_negative/20211111.lif_ctr 3.11.21NET488_MPO633_013.tif_sub_image_19.png,0,1.0,9.8955475e-09
NET_negative/20211111.lif_ctr 3.11.21NET488_MPO633_013.tif_sub_image_2.png,0,0.9999995,5.040719e-07
NET_negative/20211111.lif_ctr 3.11.21NET488_MPO633_013.tif_sub_image_20.png,0,1.2226636e-13,1.0
NET_negative/20211111.lif_ctr 3.11.21NET488_MPO633_013.tif_sub_image_21.png,0,0.9952116,0.004788409
NET_negative/20211111.lif_ctr 3.11.21NET488_MPO633_013.tif_sub_image_22.png,0,1.3303145e-08,1.0
NET_negative/20211111.lif_ctr 3.11.21NET488_MPO633_013.tif_sub_image_23.png,0,0.0,1.0
NET_negative/20211111.lif_ctr 3.11.21NET488_MPO633_013.tif_sub_image_26.png,0,0.9999995,5.219446e-07
NET_negative/20211111.lif_ctr 3.11.21NET488_MPO633_013.tif_sub_image_27.png,0,1.1130133e-11,1.0
NET_negative/20211111.lif_ctr 3.11.21NET488_MPO633_013.tif_sub_image_28.png,0,0.9999894,1.06306425e-05
NET_negative/20211111.lif_ctr 3.11.21NET488_MPO633_013.tif_sub_image_29.png,0,0.99997145,2.8589557e-05
NET_negative/20211111.lif_ctr 3.11.21NET488_MPO633_013.tif_sub_image_3.png,0,1.8368455e-18,1.0
NET_negative/20211111.lif_ctr 3.11.21NET488_MPO633_013.tif_sub_image_30.png,0,1.0,8.5392976e-10
NET_negative/20211111.lif_ctr 3.11.21NET488_MPO633_013.tif_sub_image_31.png,0,0.99999964,3.533686e-07
NET_negative/20211111.lif_ctr 3.11.21NET488_MPO633_013.tif_sub_image_32.png,0,0.99982715,0.0001728723
NET_negative/20211111.lif_ctr 3.11.21NET488_MPO633_013.tif_sub_image_34.png,0,0.9996879,0.0003121078
NET_negative/20211111.lif_ctr 3.11.21NET488_MPO633_013.tif_sub_image_36.png,0,0.0071653393,0.9928347
NET_negative/20211111.lif_ctr 3.11.21NET488_MPO633_013.tif_sub_image_37.png,0,0.99999774,2.239819e-06
NET_negative/20211111.lif_ctr 3.11.21NET488_MPO633_013.tif_sub_image_38.png,0,0.9972711,0.0027288091
NET_negative/20211111.lif_ctr 3.11.21NET488_MPO633_013.tif_sub_image_39.png,0,0.00962065,0.99037933
NET_negative/20211111.lif_ctr 3.11.21NET488_MPO633_013.tif_sub_image_4.png,0,0.9999876,1.2442345e-05
NET_negative/20211111.lif_ctr 3.11.21NET488_MPO633_013.tif_sub_image_40.png,0,7.0182956e-05,0.9999298
NET_negative/20211111.lif_ctr 3.11.21NET488_MPO633_013.tif_sub_image_41.png,0,0.98622286,0.013777225
NET_negative/20211111.lif_ctr 3.11.21NET488_MPO633_013.tif_sub_image_42.png,0,0.9995681,0.0004319009
NET_negative/20211111.lif_ctr 3.11.21NET488_MPO633_013.tif_sub_image_43.png,0,0.0074584335,0.9925416
NET_negative/20211111.lif_ctr 3.11.21NET488_MPO633_013.tif_sub_image_45.png,0,0.9999999,9.948407e-08
NET_negative/20211111.lif_ctr 3.11.21NET488_MPO633_013.tif_sub_image_46.png,0,0.9999473,5.269583e-05
NET_negative/20211111.lif_ctr 3.11.21NET488_MPO633_013.tif_sub_image_47.png,0,0.9999829,1.717471e-05
NET_negative/20211111.lif_ctr 3.11.21NET488_MPO633_013.tif_sub_image_48.png,0,0.99999213,7.86008e-06
NET_negative/20211111.lif_ctr 3.11.21NET488_MPO633_013.tif_sub_image_49.png,0,0.9997987,0.00020124465
NET_negative/20211111.lif_ctr 3.11.21NET488_MPO633_013.tif_sub_image_5.png,0,1.0,5.182212e-10
NET_negative/20211111.lif_ctr 3.11.21NET488_MPO633_013.tif_sub_image_51.png,0,0.9999974,2.5740324e-06
NET_negative/20211111.lif_ctr 3.11.21NET488_MPO633_013.tif_sub_image_54.png,0,0.99999285,7.2095736e-06
NET_negative/20211111.lif_ctr 3.11.21NET488_MPO633_013.tif_sub_image_55.png,0,0.9997819,0.0002181524
NET_negative/20211111.lif_ctr 3.11.21NET488_MPO633_013.tif_sub_image_56.png,0,0.0032179048,0.99678206
NET_negative/20211111.lif_ctr 3.11.21NET488_MPO633_013.tif_sub_image_57.png,0,0.999955,4.5000288e-05
NET_negative/20211111.lif_ctr 3.11.21NET488_MPO633_013.tif_sub_image_58.png,0,0.00017946465,0.9998205
NET_negative/20211111.lif_ctr 3.11.21NET488_MPO633_013.tif_sub_image_59.png,0,1.0,2.2784548e-08
NET_negative/20211111.lif_ctr 3.11.21NET488_MPO633_013.tif_sub_image_6.png,0,0.0007015307,0.9992985
NET_negative/20211111.lif_ctr 3.11.21NET488_MPO633_013.tif_sub_image_60.png,0,0.9999964,3.5634905e-06
NET_negative/20211111.lif_ctr 3.11.21NET488_MPO633_013.tif_sub_image_61.png,0,4.5987854e-05,0.999954
NET_negative/20211111.lif_ctr 3.11.21NET488_MPO633_013.tif_sub_image_62.png,0,0.9996276,0.0003724378
NET_negative/20211111.lif_ctr 3.11.21NET488_MPO633_013.tif_sub_image_63.png,0,0.9999417,5.824048e-05
NET_negative/20211111.lif_ctr 3.11.21NET488_MPO633_013.tif_sub_image_64.png,0,0.99997383,2.6243148e-05
NET_negative/20211111.lif_ctr 3.11.21NET488_MPO633_013.tif_sub_image_65.png,0,0.9999999,6.037722e-08
NET_negative/20211111.lif_ctr 3.11.21NET488_MPO633_013.tif_sub_image_66.png,0,0.99966055,0.00033935305
NET_negative/20211111.lif_ctr 3.11.21NET488_MPO633_013.tif_sub_image_67.png,0,0.00014087692,0.99985915
NET_negative/20211111.lif_ctr 3.11.21NET488_MPO633_013.tif_sub_image_68.png,0,0.9999964,3.6335628e-06
NET_negative/20211111.lif_ctr 3.11.21NET488_MPO633_013.tif_sub_image_69.png,0,1.0949491e-07,0.9999999
NET_negative/20211111.lif_ctr 3.11.21NET488_MPO633_013.tif_sub_image_7.png,0,0.9999957,4.331063e-06
NET_negative/20211111.lif_ctr 3.11.21NET488_MPO633_013.tif_sub_image_71.png,0,0.029525863,0.9704741
NET_negative/20211111.lif_ctr 3.11.21NET488_MPO633_013.tif_sub_image_72.png,0,0.99999964,3.9795935e-07
NET_negative/20211111.lif_ctr 3.11.21NET488_MPO633_013.tif_sub_image_73.png,0,9.763761e-10,1.0
NET_negative/20211111.lif_ctr 3.11.21NET488_MPO633_013.tif_sub_image_74.png,0,1.5457967e-05,0.99998456
NET_negative/20211111.lif_ctr 3.11.21NET488_MPO633_013.tif_sub_image_75.png,0,6.239525e-11,1.0
NET_negative/20211111.lif_ctr 3.11.21NET488_MPO633_013.tif_sub_image_76.png,0,0.99780846,0.0021914593
NET_negative/20211111.lif_ctr 3.11.21NET488_MPO633_013.tif_sub_image_77.png,0,1.0,3.9349178e-08
NET_negative/20211111.lif_ctr 3.11.21NET488_MPO633_013.tif_sub_image_78.png,0,0.02991999,0.97008
NET_negative/20211111.lif_ctr 3.11.21NET488_MPO633_013.tif_sub_image_79.png,0,0.0031255677,0.99687445
NET_negative/20211111.lif_ctr 3.11.21NET488_MPO633_013.tif_sub_image_8.png,0,0.0050737555,0.9949262
NET_negative/20211111.lif_ctr 3.11.21NET488_MPO633_013.tif_sub_image_80.png,0,0.99999213,7.898418e-06
NET_negative/20211111.lif_ctr 3.11.21NET488_MPO633_013.tif_sub_image_81.png,0,0.9999993,6.592279e-07
NET_negative/20211111.lif_ctr 3.11.21NET488_MPO633_013.tif_sub_image_82.png,0,0.0,1.0
NET_negative/20211111.lif_ctr 3.11.21NET488_MPO633_013.tif_sub_image_83.png,0,0.99615467,0.0038453888
NET_negative/20211111.lif_ctr 3.11.21NET488_MPO633_013.tif_sub_image_85.png,0,0.0018663649,0.9981337
NET_negative/20211111.lif_ctr 3.11.21NET488_MPO633_013.tif_sub_image_86.png,0,0.010367569,0.98963237
NET_negative/20211111.lif_ctr 3.11.21NET488_MPO633_013.tif_sub_image_87.png,0,0.0047485926,0.9952514
NET_negative/20211111.lif_ctr 3.11.21NET488_MPO633_013.tif_sub_image_88.png,0,1.3117479e-11,1.0
NET_negative/20211111.lif_ctr 3.11.21NET488_MPO633_013.tif_sub_image_89.png,0,0.99998975,1.0207455e-05
NET_negative/20211111.lif_ctr 3.11.21NET488_MPO633_013.tif_sub_image_9.png,0,0.9999999,1.198359e-07
NET_negative/20211111.lif_ctr 3.11.21NET488_MPO633_013.tif_sub_image_90.png,0,0.99946994,0.0005300501
NET_negative/20211111.lif_ctr 3.11.21NET488_MPO633_013.tif_sub_image_91.png,0,0.9945999,0.0054001063
NET_negative/20211111.lif_ctr 3.11.21NET488_MPO633_013.tif_sub_image_92.png,0,0.9999347,6.527034e-05
NET_negative/20211111.lif_ctr 3.11.21NET488_MPO633_013.tif_sub_image_93.png,0,0.0006189057,0.99938107
NET_negative/20211111.lif_ctr 3.11.21NET488_MPO633_013.tif_sub_image_94.png,0,0.9999541,4.5890116e-05
NET_negative/20211111.lif_ctr 3.11.21NET488_MPO633_013.tif_sub_image_95.png,0,0.9999993,7.316562e-07
NET_negative/20211111.lif_ctr 3.11.21NET488_MPO633_013.tif_sub_image_96.png,0,0.99997586,2.4257826e-05
NET_negative/20211111.lif_ctr 3.11.21NET488_MPO633_013.tif_sub_image_97.png,0,0.9999964,3.604956e-06
NET_negative/20211111.lif_ctr 3.11.21NET488_MPO633_013.tif_sub_image_98.png,0,5.7735326e-07,0.9999994
NET_negative/20211111.lif_ctr 3.11.21NET488_MPO633_013.tif_sub_image_99.png,0,0.99999,9.954517e-06
NET_negative/20211111.lif_ctr 3.11.21NET488_MPO633_016.tif_sub_image_0.png,0,0.0008110177,0.99918896
NET_negative/20211111.lif_ctr 3.11.21NET488_MPO633_016.tif_sub_image_1.png,0,0.99999964,3.2635498e-07
NET_negative/20211111.lif_ctr 3.11.21NET488_MPO633_016.tif_sub_image_10.png,0,1.0720703e-11,1.0
NET_negative/20211111.lif_ctr 3.11.21NET488_MPO633_016.tif_sub_image_11.png,0,0.9999968,3.1882068e-06
NET_negative/20211111.lif_ctr 3.11.21NET488_MPO633_016.tif_sub_image_12.png,0,0.99912626,0.0008737681
NET_negative/20211111.lif_ctr 3.11.21NET488_MPO633_016.tif_sub_image_13.png,0,0.9999329,6.715511e-05
NET_negative/20211111.lif_ctr 3.11.21NET488_MPO633_016.tif_sub_image_14.png,0,0.99999285,7.1014692e-06
NET_negative/20211111.lif_ctr 3.11.21NET488_MPO633_016.tif_sub_image_15.png,0,0.99996537,3.4675006e-05
NET_negative/20211111.lif_ctr 3.11.21NET488_MPO633_016.tif_sub_image_16.png,0,7.867448e-13,1.0
NET_negative/20211111.lif_ctr 3.11.21NET488_MPO633_016.tif_sub_image_18.png,0,1.2668649e-08,1.0
NET_negative/20211111.lif_ctr 3.11.21NET488_MPO633_016.tif_sub_image_19.png,0,0.99999154,8.499643e-06
NET_negative/20211111.lif_ctr 3.11.21NET488_MPO633_016.tif_sub_image_2.png,0,0.99997467,2.5434225e-05
NET_negative/20211111.lif_ctr 3.11.21NET488_MPO633_016.tif_sub_image_20.png,0,0.9995528,0.0004471357
NET_negative/20211111.lif_ctr 3.11.21NET488_MPO633_016.tif_sub_image_21.png,0,0.9998809,0.00011907183
NET_negative/20211111.lif_ctr 3.11.21NET488_MPO633_016.tif_sub_image_22.png,0,2.3696314e-10,1.0
NET_negative/20211111.lif_ctr 3.11.21NET488_MPO633_016.tif_sub_image_23.png,0,0.99986637,0.00013356995
NET_negative/20211111.lif_ctr 3.11.21NET488_MPO633_016.tif_sub_image_24.png,0,0.9971695,0.0028304115
NET_negative/20211111.lif_ctr 3.11.21NET488_MPO633_016.tif_sub_image_25.png,0,1.0,9.798137e-15
NET_negative/20211111.lif_ctr 3.11.21NET488_MPO633_016.tif_sub_image_26.png,0,0.9999987,1.329609e-06
NET_negative/20211111.lif_ctr 3.11.21NET488_MPO633_016.tif_sub_image_27.png,0,0.011772659,0.98822725
NET_negative/20211111.lif_ctr 3.11.21NET488_MPO633_016.tif_sub_image_28.png,0,0.0013628334,0.99863714
NET_negative/20211111.lif_ctr 3.11.21NET488_MPO633_016.tif_sub_image_29.png,0,6.9004935e-05,0.999931
NET_negative/20211111.lif_ctr 3.11.21NET488_MPO633_016.tif_sub_image_3.png,0,0.99996644,3.357133e-05
NET_negative/20211111.lif_ctr 3.11.21NET488_MPO633_016.tif_sub_image_30.png,0,0.9988679,0.0011320756
NET_negative/20211111.lif_ctr 3.11.21NET488_MPO633_016.tif_sub_image_31.png,0,0.033192314,0.96680766
NET_negative/20211111.lif_ctr 3.11.21NET488_MPO633_016.tif_sub_image_32.png,0,1.8758905e-05,0.99998134
NET_negative/20211111.lif_ctr 3.11.21NET488_MPO633_016.tif_sub_image_33.png,0,0.999987,1.2991855e-05
NET_negative/20211111.lif_ctr 3.11.21NET488_MPO633_016.tif_sub_image_34.png,0,0.9999862,1.3859612e-05
NET_negative/20211111.lif_ctr 3.11.21NET488_MPO633_016.tif_sub_image_35.png,0,0.009327385,0.9906727
NET_negative/20211111.lif_ctr 3.11.21NET488_MPO633_016.tif_sub_image_37.png,0,2.3041906e-05,0.99997705
NET_negative/20211111.lif_ctr 3.11.21NET488_MPO633_016.tif_sub_image_39.png,0,4.789866e-06,0.99999523
NET_negative/20211111.lif_ctr 3.11.21NET488_MPO633_016.tif_sub_image_4.png,0,0.9999834,1.6663846e-05
NET_negative/20211111.lif_ctr 3.11.21NET488_MPO633_016.tif_sub_image_40.png,0,7.9240245e-25,1.0
NET_negative/20211111.lif_ctr 3.11.21NET488_MPO633_016.tif_sub_image_41.png,0,0.0024240909,0.99757594
NET_negative/20211111.lif_ctr 3.11.21NET488_MPO633_016.tif_sub_image_42.png,0,0.9999918,8.198129e-06
NET_negative/20211111.lif_ctr 3.11.21NET488_MPO633_016.tif_sub_image_44.png,0,0.999985,1.5006963e-05
NET_negative/20211111.lif_ctr 3.11.21NET488_MPO633_016.tif_sub_image_45.png,0,0.9999995,4.934768e-07
NET_negative/20211111.lif_ctr 3.11.21NET488_MPO633_016.tif_sub_image_46.png,0,1.0,2.2281857e-11
NET_negative/20211111.lif_ctr 3.11.21NET488_MPO633_016.tif_sub_image_47.png,0,0.001284175,0.9987159
NET_negative/20211111.lif_ctr 3.11.21NET488_MPO633_016.tif_sub_image_48.png,0,0.9999993,7.661857e-07
NET_negative/20211111.lif_ctr 3.11.21NET488_MPO633_016.tif_sub_image_5.png,0,0.99401337,0.0059866575
NET_negative/20211111.lif_ctr 3.11.21NET488_MPO633_016.tif_sub_image_50.png,0,0.9999797,2.0399688e-05
NET_negative/20211111.lif_ctr 3.11.21NET488_MPO633_016.tif_sub_image_52.png,0,0.9925866,0.0074134707
NET_negative/20211111.lif_ctr 3.11.21NET488_MPO633_016.tif_sub_image_53.png,0,5.220361e-12,1.0
NET_negative/20211111.lif_ctr 3.11.21NET488_MPO633_016.tif_sub_image_54.png,0,0.9982583,0.0017416633
NET_negative/20211111.lif_ctr 3.11.21NET488_MPO633_016.tif_sub_image_55.png,0,0.999997,2.9883363e-06
NET_negative/20211111.lif_ctr 3.11.21NET488_MPO633_016.tif_sub_image_56.png,0,0.9999994,6.319837e-07
NET_negative/20211111.lif_ctr 3.11.21NET488_MPO633_016.tif_sub_image_57.png,0,0.99881727,0.0011827276
NET_negative/20211111.lif_ctr 3.11.21NET488_MPO633_016.tif_sub_image_58.png,0,0.9999405,5.9510825e-05
NET_negative/20211111.lif_ctr 3.11.21NET488_MPO633_016.tif_sub_image_59.png,0,0.9999774,2.2703274e-05
NET_negative/20211111.lif_ctr 3.11.21NET488_MPO633_016.tif_sub_image_6.png,0,0.0074292514,0.9925707
NET_negative/20211111.lif_ctr 3.11.21NET488_MPO633_016.tif_sub_image_60.png,0,0.9992759,0.00072407775
NET_negative/20211111.lif_ctr 3.11.21NET488_MPO633_016.tif_sub_image_61.png,0,0.9995694,0.0004306692
NET_negative/20211111.lif_ctr 3.11.21NET488_MPO633_016.tif_sub_image_62.png,0,0.9999817,1.8306126e-05
NET_negative/20211111.lif_ctr 3.11.21NET488_MPO633_016.tif_sub_image_64.png,0,0.0007325931,0.99926746
NET_negative/20211111.lif_ctr 3.11.21NET488_MPO633_016.tif_sub_image_7.png,0,0.96515775,0.034842253
NET_negative/20211111.lif_ctr 3.11.21NET488_MPO633_016.tif_sub_image_8.png,0,0.0038458912,0.9961541
NET_negative/20211111.lif_ctr 3.11.21NET488_MPO633_016.tif_sub_image_9.png,0,0.9999847,1.5361857e-05
NET_negative/20211111.lif_ctr 3.11.21NET488_MPO633_1.tif_sub_image_0.png,0,0.0047449186,0.9952551
NET_negative/20211111.lif_ctr 3.11.21NET488_MPO633_1.tif_sub_image_1.png,0,1.0,1.558589e-11
NET_negative/20211111.lif_ctr 3.11.21NET488_MPO633_1.tif_sub_image_10.png,0,0.999951,4.8938873e-05
NET_negative/20211111.lif_ctr 3.11.21NET488_MPO633_1.tif_sub_image_11.png,0,0.99999475,5.268689e-06
NET_negative/20211111.lif_ctr 3.11.21NET488_MPO633_1.tif_sub_image_12.png,0,0.0001439905,0.99985605
NET_negative/20211111.lif_ctr 3.11.21NET488_MPO633_1.tif_sub_image_13.png,0,0.9999994,6.081398e-07
NET_negative/20211111.lif_ctr 3.11.21NET488_MPO633_1.tif_sub_image_14.png,0,1.4936238e-07,0.9999999
NET_negative/20211111.lif_ctr 3.11.21NET488_MPO633_1.tif_sub_image_15.png,0,0.004424615,0.9955754
NET_negative/20211111.lif_ctr 3.11.21NET488_MPO633_1.tif_sub_image_16.png,0,0.9999374,6.263998e-05
NET_negative/20211111.lif_ctr 3.11.21NET488_MPO633_1.tif_sub_image_17.png,0,9.4826784e-05,0.99990517
NET_negative/20211111.lif_ctr 3.11.21NET488_MPO633_1.tif_sub_image_18.png,0,0.9999336,6.636657e-05
NET_negative/20211111.lif_ctr 3.11.21NET488_MPO633_1.tif_sub_image_19.png,0,0.9998871,0.000112836104
NET_negative/20211111.lif_ctr 3.11.21NET488_MPO633_1.tif_sub_image_2.png,0,0.99999857,1.4027967e-06
NET_negative/20211111.lif_ctr 3.11.21NET488_MPO633_1.tif_sub_image_3.png,0,0.97400695,0.025993006
NET_negative/20211111.lif_ctr 3.11.21NET488_MPO633_1.tif_sub_image_4.png,0,1.539216e-10,1.0
NET_negative/20211111.lif_ctr 3.11.21NET488_MPO633_1.tif_sub_image_5.png,0,0.9999988,1.1766884e-06
NET_negative/20211111.lif_ctr 3.11.21NET488_MPO633_1.tif_sub_image_6.png,0,0.98226213,0.01773792
NET_negative/20211111.lif_ctr 3.11.21NET488_MPO633_1.tif_sub_image_7.png,0,0.9999939,6.0969305e-06
NET_negative/20211111.lif_ctr 3.11.21NET488_MPO633_1.tif_sub_image_8.png,0,0.9999958,4.134216e-06
NET_negative/20211111.lif_ctr 3.11.21NET488_MPO633_1.tif_sub_image_9.png,0,1.0,1.4759559e-10
NET_positive_ctr/aug_2_20211111.lif_ctr 3.11.21NET488_MPO633_010.tif_sub_image_51.png,1,0.005046968,0.99495304
NET_positive_ctr/aug_2_20211111.lif_ctr 3.11.21NET488_MPO633_010.tif_sub_image_56.png,1,0.99999917,7.833535e-07
NET_positive_ctr/aug_2_20211111.lif_ctr 3.11.21NET488_MPO633_010.tif_sub_image_58.png,1,3.8598223e-06,0.9999962
NET_positive_ctr/aug_2_20211111.lif_ctr 3.11.21NET488_MPO633_010.tif_sub_image_67.png,1,4.0285446e-09,1.0
NET_positive_ctr/aug_2_20211111.lif_ctr 3.11.21NET488_MPO633_010.tif_sub_image_70.png,1,0.99962664,0.00037338908
NET_positive_ctr/aug_2_20211111.lif_ctr 3.11.21NET488_MPO633_010.tif_sub_image_77.png,1,0.00011922169,0.9998808
NET_positive_ctr/aug_2_20211111.lif_ctr 3.11.21NET488_MPO633_010.tif_sub_image_83.png,1,0.9999742,2.5824349e-05
NET_positive_ctr/aug_2_20211111.lif_ctr 3.11.21NET488_MPO633_013.tif_sub_image_102.png,1,0.036191896,0.9638081
NET_positive_ctr/aug_2_20211111.lif_ctr 3.11.21NET488_MPO633_013.tif_sub_image_24.png,1,5.39587e-09,1.0
NET_positive_ctr/aug_2_20211111.lif_ctr 3.11.21NET488_MPO633_013.tif_sub_image_35.png,1,8.86115e-06,0.9999912
NET_positive_ctr/aug_2_20211111.lif_ctr 3.11.21NET488_MPO633_013.tif_sub_image_50.png,1,0.9999883,1.1639632e-05
NET_positive_ctr/aug_2_20211111.lif_ctr 3.11.21NET488_MPO633_013.tif_sub_image_52.png,1,0.9999993,7.70052e-07
NET_positive_ctr/aug_2_20211111.lif_ctr 3.11.21NET488_MPO633_013.tif_sub_image_53.png,1,3.4801422e-05,0.99996525
NET_positive_ctr/aug_2_20211111.lif_ctr 3.11.21NET488_MPO633_016.tif_sub_image_36.png,1,0.9999835,1.6517115e-05
NET_positive_ctr/aug_2_20211111.lif_ctr 3.11.21NET488_MPO633_016.tif_sub_image_38.png,1,8.859763e-12,1.0
NET_positive_ctr/aug_2_20211111.lif_ctr 3.11.21NET488_MPO633_016.tif_sub_image_43.png,1,1.0,2.2488925e-08
NET_positive_ctr/aug_2_20211111.lif_ctr 3.11.21NET488_MPO633_016.tif_sub_image_86.png,1,0.99999535,4.6374976e-06
NET_positive_ctr/aug_2_20211111.lif_ctr 3.11.21NET488_MPO633_016.tif_sub_image_90.png,1,1.0533779e-07,0.9999999
NET_positive_ctr/aug_2_20211111.lif_ctr 3.11.21NET488_MPO633_016.tif_sub_image_95.png,1,0.00023419342,0.99976575
NET_positive_ctr/aug_2_20211111.lif_ctr 3.11.21NET488_MPO633_016.tif_sub_image_96.png,1,0.99707794,0.0029220728
NET_positive_ctr/aug_2_20211111.lif_ctr 3.11.21NET488_MPO633_020.tif_sub_image_16.png,1,2.5274118e-09,1.0
NET_positive_ctr/aug_2_20211111.lif_ctr 3.11.21NET488_MPO633_020.tif_sub_image_76.png,1,2.9220387e-10,1.0
NET_positive_ctr/aug_2_20211111.lif_ctr 3.11.21NET488_MPO633_020.tif_sub_image_77.png,1,0.9999918,8.220308e-06
NET_positive_ctr/aug_2_20211111.lif_ctr 3.11.21NET488_MPO633_020.tif_sub_image_82.png,1,0.9991842,0.0008157822
NET_positive_ctr/aug_2_20211111.lif_ctr 3.11.21NET488_MPO633_020.tif_sub_image_9.png,1,3.1978558e-09,1.0
NET_positive_ctr/aug_2_20211111.lif_ctr_27.10.21NET488_MPO 633_003.tif_sub_image_22.png,1,9.038305e-06,0.99999094
NET_positive_ctr/aug_2_20211111.lif_ctr_27.10.21NET488_MPO 633_003.tif_sub_image_39.png,1,0.9999964,3.603715e-06
NET_positive_ctr/aug_2_20211111.lif_ctr_27.10.21NET488_MPO 633_003.tif_sub_image_66.png,1,6.763412e-19,1.0
NET_positive_ctr/aug_2_20211111.lif_ctr_27.10.21NET488_MPO 633_003.tif_sub_image_92.png,1,0.0010182163,0.9989818
NET_positive_ctr/aug_2_20211111.lif_ctr_27.10.21NET488_MPO 633_006.tif_sub_image_139.png,1,0.9999824,1.768892e-05
NET_positive_ctr/aug_2_20211111.lif_ctr_27.10.21NET488_MPO 633_006.tif_sub_image_78.png,1,6.402262e-06,0.99999356
NET_positive_ctr/aug_2_20211111.lif_ctr_27.10.21NET488_MPO 633_009.tif_sub_image_10.png,1,0.9997904,0.00020967108
NET_positive_ctr/aug_2_20211111.lif_ctr_27.10.21NET488_MPO 633_009.tif_sub_image_107.png,1,7.8528615e-09,1.0
NET_positive_ctr/aug_2_20211111.lif_ctr_27.10.21NET488_MPO 633_009.tif_sub_image_120.png,1,0.9999993,6.708825e-07
NET_positive_ctr/aug_2_20211111.lif_ctr_27.10.21NET488_MPO 633_009.tif_sub_image_129.png,1,0.9999956,4.444795e-06
NET_positive_ctr/aug_2_20211111.lif_ctr_27.10.21NET488_MPO 633_009.tif_sub_image_184.png,1,0.999684,0.00031600852
NET_positive_ctr/aug_3_20211111.lif_ctr 3.11.21NET488_MPO633_002.tif_sub_image_11.png,1,0.99250746,0.0074926
NET_positive_ctr/aug_3_20211111.lif_ctr 3.11.21NET488_MPO633_002.tif_sub_image_2.png,1,1.0,1.0351142e-11
NET_positive_ctr/aug_3_20211111.lif_ctr 3.11.21NET488_MPO633_004.tif_sub_image_11.png,1,0.9999995,4.8470065e-07
NET_positive_ctr/aug_3_20211111.lif_ctr 3.11.21NET488_MPO633_004.tif_sub_image_16.png,1,9.744263e-10,1.0
NET_positive_ctr/aug_3_20211111.lif_ctr 3.11.21NET488_MPO633_004.tif_sub_image_17.png,1,6.41362e-07,0.9999994
NET_positive_ctr/aug_3_20211111.lif_ctr 3.11.21NET488_MPO633_004.tif_sub_image_24.png,1,8.0676035e-11,1.0
NET_positive_ctr/aug_3_20211111.lif_ctr 3.11.21NET488_MPO633_004.tif_sub_image_28.png,1,0.99999774,2.2926351e-06
NET_positive_ctr/aug_3_20211111.lif_ctr 3.11.21NET488_MPO633_004.tif_sub_image_32.png,1,1.1877713e-06,0.9999988
NET_positive_ctr/aug_3_20211111.lif_ctr 3.11.21NET488_MPO633_004.tif_sub_image_58.png,1,4.4888166e-05,0.9999551
NET_positive_ctr/aug_3_20211111.lif_ctr 3.11.21NET488_MPO633_004.tif_sub_image_61.png,1,0.9999812,1.8884333e-05
NET_positive_ctr/aug_3_20211111.lif_ctr 3.11.21NET488_MPO633_004.tif_sub_image_78.png,1,4.898642e-09,1.0
NET_positive_ctr/aug_3_20211111.lif_ctr 3.11.21NET488_MPO633_006.tif_sub_image_43.png,1,0.99990565,9.4421106e-05
NET_positive_ctr/aug_3_20211111.lif_ctr 3.11.21NET488_MPO633_006.tif_sub_image_50.png,1,0.9999995,4.182132e-07
NET_positive_ctr/aug_3_20211111.lif_ctr 3.11.21NET488_MPO633_006.tif_sub_image_56.png,1,0.9999912,8.817314e-06
NET_positive_ctr/aug_3_20211111.lif_ctr 3.11.21NET488_MPO633_006.tif_sub_image_57.png,1,0.031813644,0.96818644
NET_positive_ctr/aug_3_20211111.lif_ctr 3.11.21NET488_MPO633_006.tif_sub_image_59.png,1,0.00011889496,0.99988115
NET_positive_ctr/aug_3_20211111.lif_ctr 3.11.21NET488_MPO633_006.tif_sub_image_60.png,1,0.99961925,0.00038076888
NET_positive_ctr/aug_3_20211111.lif_ctr 3.11.21NET488_MPO633_006.tif_sub_image_61.png,1,3.6172987e-06,0.9999964
NET_positive_ctr/aug_3_20211111.lif_ctr 3.11.21NET488_MPO633_006.tif_sub_image_65.png,1,0.9999416,5.839124e-05
NET_positive_ctr/aug_3_20211111.lif_ctr 3.11.21NET488_MPO633_006.tif_sub_image_67.png,1,3.0012004e-07,0.99999964
NET_positive_ctr/aug_3_20211111.lif_ctr 3.11.21NET488_MPO633_006.tif_sub_image_70.png,1,0.9999957,4.307567e-06
NET_positive_ctr/aug_3_20211111.lif_ctr 3.11.21NET488_MPO633_006.tif_sub_image_87.png,1,1.5402543e-08,1.0
NET_positive_ctr/aug_3_20211111.lif_ctr 3.11.21NET488_MPO633_006.tif_sub_image_89.png,1,0.9995823,0.0004176341
NET_positive_ctr/aug_3_20211111.lif_ctr 3.11.21NET488_MPO633_008.tif_sub_image_0.png,1,0.0023404565,0.99765956
NET_positive_ctr/aug_3_20211111.lif_ctr 3.11.21NET488_MPO633_008.tif_sub_image_28.png,1,0.9779592,0.022040866
NET_positive_ctr/aug_3_20211111.lif_ctr 3.11.21NET488_MPO633_008.tif_sub_image_32.png,1,0.9999999,8.042311e-08
NET_positive_ctr/aug_3_20211111.lif_ctr 3.11.21NET488_MPO633_008.tif_sub_image_4.png,1,0.99808437,0.0019156429
NET_positive_ctr/aug_3_20211111.lif_ctr 3.11.21NET488_MPO633_008.tif_sub_image_42.png,1,2.8059045e-05,0.99997205
NET_positive_ctr/aug_3_20211111.lif_ctr 3.11.21NET488_MPO633_010.tif_sub_image_100.png,1,8.849614e-05,0.9999116
NET_positive_ctr/aug_3_20211111.lif_ctr 3.11.21NET488_MPO633_010.tif_sub_image_106.png,1,1.0,2.5697857e-12
NET_positive_ctr/aug_3_20211111.lif_ctr 3.11.21NET488_MPO633_010.tif_sub_image_111.png,1,0.99999607,3.8774974e-06
NET_positive_ctr/aug_3_20211111.lif_ctr 3.11.21NET488_MPO633_010.tif_sub_image_112.png,1,0.9591902,0.040809806
NET_positive_ctr/aug_3_20211111.lif_ctr 3.11.21NET488_MPO633_010.tif_sub_image_38.png,1,0.999997,2.9875669e-06
NET_positive_ctr/aug_3_20211111.lif_ctr 3.11.21NET488_MPO633_010.tif_sub_image_48.png,1,0.0003663382,0.99963367
NET_positive_ctr/aug_3_20211111.lif_ctr 3.11.21NET488_MPO633_010.tif_sub_image_49.png,1,0.0027322515,0.9972677
NET_positive_ctr/aug_3_20211111.lif_ctr 3.11.21NET488_MPO633_010.tif_sub_image_50.png,1,0.9997303,0.00026974216
NET_positive_ctr/aug_3_20211111.lif_ctr 3.11.21NET488_MPO633_010.tif_sub_image_51.png,1,0.020225188,0.97977483
NET_positive_ctr/aug_3_20211111.lif_ctr 3.11.21NET488_MPO633_010.tif_sub_image_56.png,1,0.000508242,0.99949175
NET_positive_ctr/aug_3_20211111.lif_ctr 3.11.21NET488_MPO633_010.tif_sub_image_58.png,1,0.008406325,0.99159366
NET_positive_ctr/aug_3_20211111.lif_ctr 3.11.21NET488_MPO633_010.tif_sub_image_67.png,1,0.99999917,8.219878e-07
NET_positive_ctr/aug_3_20211111.lif_ctr 3.11.21NET488_MPO633_010.tif_sub_image_70.png,1,0.0031220724,0.99687797
NET_positive_ctr/aug_3_20211111.lif_ctr 3.11.21NET488_MPO633_010.tif_sub_image_77.png,1,1.5543108e-08,1.0
NET_positive_ctr/aug_3_20211111.lif_ctr 3.11.21NET488_MPO633_010.tif_sub_image_83.png,1,1.0,6.5907617e-09
NET_positive_ctr/aug_3_20211111.lif_ctr 3.11.21NET488_MPO633_013.tif_sub_image_102.png,1,0.99999964,3.9948569e-07
NET_positive_ctr/aug_3_20211111.lif_ctr 3.11.21NET488_MPO633_013.tif_sub_image_24.png,1,0.995415,0.004584989
NET_positive_ctr/aug_3_20211111.lif_ctr 3.11.21NET488_MPO633_013.tif_sub_image_35.png,1,0.9999989,1.049553e-06
NET_positive_ctr/aug_3_20211111.lif_ctr 3.11.21NET488_MPO633_013.tif_sub_image_50.png,1,0.99997455,2.545242e-05
NET_positive_ctr/aug_3_20211111.lif_ctr 3.11.21NET488_MPO633_013.tif_sub_image_52.png,1,0.99999964,3.535506e-07
NET_positive_ctr/aug_3_20211111.lif_ctr 3.11.21NET488_MPO633_013.tif_sub_image_53.png,1,0.9999914,8.639323e-06
NET_positive_ctr/aug_3_20211111.lif_ctr 3.11.21NET488_MPO633_016.tif_sub_image_36.png,1,2.499531e-23,1.0
NET_positive_ctr/aug_3_20211111.lif_ctr 3.11.21NET488_MPO633_016.tif_sub_image_38.png,1,0.9993862,0.0006138064
NET_positive_ctr/aug_3_20211111.lif_ctr 3.11.21NET488_MPO633_016.tif_sub_image_43.png,1,0.0026897795,0.9973103
NET_positive_ctr/aug_3_20211111.lif_ctr 3.11.21NET488_MPO633_016.tif_sub_image_86.png,1,0.99984115,0.00015882267
NET_positive_ctr/aug_3_20211111.lif_ctr 3.11.21NET488_MPO633_016.tif_sub_image_90.png,1,0.013861301,0.9861387
NET_positive_ctr/aug_3_20211111.lif_ctr 3.11.21NET488_MPO633_016.tif_sub_image_95.png,1,0.9961704,0.0038296666
NET_positive_ctr/aug_3_20211111.lif_ctr 3.11.21NET488_MPO633_016.tif_sub_image_96.png,1,0.0230137,0.9769864
NET_positive_ctr/aug_3_20211111.lif_ctr 3.11.21NET488_MPO633_020.tif_sub_image_16.png,1,6.2987865e-06,0.9999937
NET_positive_ctr/aug_3_20211111.lif_ctr 3.11.21NET488_MPO633_020.tif_sub_image_76.png,1,0.9999969,3.1208874e-06
NET_positive_ctr/aug_3_20211111.lif_ctr 3.11.21NET488_MPO633_020.tif_sub_image_77.png,1,0.99994445,5.551682e-05
NET_positive_ctr/aug_3_20211111.lif_ctr 3.11.21NET488_MPO633_020.tif_sub_image_82.png,1,0.9999988,1.1844344e-06
NET_positive_ctr/aug_3_20211111.lif_ctr 3.11.21NET488_MPO633_020.tif_sub_image_9.png,1,0.9997943,0.00020567061
NET_positive_ctr/aug_3_20211111.lif_ctr_27.10.21NET488_MPO 633_003.tif_sub_image_22.png,1,2.6242876e-06,0.9999974
NET_positive_ctr/aug_3_20211111.lif_ctr_27.10.21NET488_MPO 633_003.tif_sub_image_39.png,1,0.99997085,2.9232599e-05
NET_positive_ctr/aug_3_20211111.lif_ctr_27.10.21NET488_MPO 633_003.tif_sub_image_66.png,1,0.99963677,0.0003631619
NET_positive_ctr/aug_3_20211111.lif_ctr_27.10.21NET488_MPO 633_003.tif_sub_image_92.png,1,0.009786342,0.99021363
NET_positive_ctr/aug_3_20211111.lif_ctr_27.10.21NET488_MPO 633_006.tif_sub_image_139.png,1,0.99945295,0.0005471499
NET_positive_ctr/aug_3_20211111.lif_ctr_27.10.21NET488_MPO 633_006.tif_sub_image_78.png,1,5.557541e-05,0.99994445
NET_positive_ctr/aug_3_20211111.lif_ctr_27.10.21NET488_MPO 633_009.tif_sub_image_10.png,1,0.9999924,7.5886237e-06
NET_positive_ctr/aug_3_20211111.lif_ctr_27.10.21NET488_MPO 633_009.tif_sub_image_107.png,1,0.0024939647,0.997506
NET_positive_ctr/aug_3_20211111.lif_ctr_27.10.21NET488_MPO 633_009.tif_sub_image_120.png,1,0.9999956,4.4118965e-06
NET_positive_ctr/aug_3_20211111.lif_ctr_27.10.21NET488_MPO 633_009.tif_sub_image_129.png,1,0.9999958,4.1377616e-06
NET_positive_ctr/aug_3_20211111.lif_ctr_27.10.21NET488_MPO 633_009.tif_sub_image_184.png,1,8.232864e-25,1.0
NET_positive_ctr/aug_4_20211111.lif_ctr 3.11.21NET488_MPO633_002.tif_sub_image_11.png,1,1.4476298e-05,0.9999856
NET_positive_ctr/aug_4_20211111.lif_ctr 3.11.21NET488_MPO633_002.tif_sub_image_2.png,1,0.0013336508,0.9986664
NET_positive_ctr/aug_4_20211111.lif_ctr 3.11.21NET488_MPO633_004.tif_sub_image_11.png,1,0.99976563,0.00023425683
NET_positive_ctr/aug_4_20211111.lif_ctr 3.11.21NET488_MPO633_004.tif_sub_image_16.png,1,0.056628622,0.9433713
NET_positive_ctr/aug_4_20211111.lif_ctr 3.11.21NET488_MPO633_004.tif_sub_image_17.png,1,3.5347646e-06,0.9999964
NET_positive_ctr/aug_4_20211111.lif_ctr 3.11.21NET488_MPO633_004.tif_sub_image_24.png,1,0.999909,9.107835e-05
NET_positive_ctr/aug_4_20211111.lif_ctr 3.11.21NET488_MPO633_004.tif_sub_image_28.png,1,0.9999989,1.0850548e-06
NET_positive_ctr/aug_4_20211111.lif_ctr 3.11.21NET488_MPO633_004.tif_sub_image_32.png,1,0.008514197,0.9914858
NET_positive_ctr/aug_4_20211111.lif_ctr 3.11.21NET488_MPO633_004.tif_sub_image_58.png,1,1.3142272e-07,0.9999999
NET_positive_ctr/aug_4_20211111.lif_ctr 3.11.21NET488_MPO633_004.tif_sub_image_61.png,1,2.0377736e-07,0.99999976
NET_positive_ctr/aug_4_20211111.lif_ctr 3.11.21NET488_MPO633_004.tif_sub_image_78.png,1,0.99999666,3.3947633e-06
NET_positive_ctr/aug_4_20211111.lif_ctr 3.11.21NET488_MPO633_006.tif_sub_image_43.png,1,1.3090104e-05,0.9999869
NET_positive_ctr/aug_4_20211111.lif_ctr 3.11.21NET488_MPO633_006.tif_sub_image_50.png,1,0.9999951,4.9465234e-06
NET_positive_ctr/aug_4_20211111.lif_ctr 3.11.21NET488_MPO633_006.tif_sub_image_56.png,1,0.99999726,2.7503766e-06
NET_positive_ctr/aug_4_20211111.lif_ctr 3.11.21NET488_MPO633_006.tif_sub_image_57.png,1,1.0,2.9341314e-09
NET_positive_ctr/aug_4_20211111.lif_ctr 3.11.21NET488_MPO633_006.tif_sub_image_59.png,1,0.99999595,4.1055423e-06
NET_positive_ctr/aug_4_20211111.lif_ctr 3.11.21NET488_MPO633_006.tif_sub_image_60.png,1,0.9999999,1.6854521e-07
NET_positive_ctr/aug_4_20211111.lif_ctr 3.11.21NET488_MPO633_006.tif_sub_image_61.png,1,0.99999964,3.915688e-07
NET_positive_ctr/aug_4_20211111.lif_ctr 3.11.21NET488_MPO633_006.tif_sub_image_65.png,1,0.9999981,1.9071566e-06
NET_positive_ctr/aug_4_20211111.lif_ctr 3.11.21NET488_MPO633_006.tif_sub_image_67.png,1,0.9999773,2.2762088e-05
NET_positive_ctr/aug_4_20211111.lif_ctr 3.11.21NET488_MPO633_006.tif_sub_image_70.png,1,3.219413e-11,1.0
NET_positive_ctr/aug_4_20211111.lif_ctr 3.11.21NET488_MPO633_006.tif_sub_image_87.png,1,0.9999999,9.436477e-08
NET_positive_ctr/aug_4_20211111.lif_ctr 3.11.21NET488_MPO633_006.tif_sub_image_89.png,1,0.99969065,0.00030940288
NET_positive_ctr/aug_4_20211111.lif_ctr 3.11.21NET488_MPO633_008.tif_sub_image_0.png,1,0.001815312,0.9981846
NET_positive_ctr/aug_4_20211111.lif_ctr 3.11.21NET488_MPO633_008.tif_sub_image_28.png,1,0.99872994,0.0012700671
NET_positive_ctr/aug_4_20211111.lif_ctr 3.11.21NET488_MPO633_008.tif_sub_image_32.png,1,0.9998382,0.00016187858
NET_positive_ctr/aug_4_20211111.lif_ctr 3.11.21NET488_MPO633_008.tif_sub_image_4.png,1,0.9999975,2.4627666e-06
NET_positive_ctr/aug_4_20211111.lif_ctr 3.11.21NET488_MPO633_008.tif_sub_image_42.png,1,0.99136174,0.008638188
NET_positive_ctr/aug_4_20211111.lif_ctr 3.11.21NET488_MPO633_010.tif_sub_image_100.png,1,0.9999667,3.3419896e-05
NET_positive_ctr/aug_4_20211111.lif_ctr 3.11.21NET488_MPO633_010.tif_sub_image_106.png,1,0.00012835568,0.9998716
NET_positive_ctr/aug_4_20211111.lif_ctr 3.11.21NET488_MPO633_010.tif_sub_image_111.png,1,0.9999706,2.9471925e-05
NET_positive_ctr/aug_4_20211111.lif_ctr 3.11.21NET488_MPO633_010.tif_sub_image_112.png,1,0.99989057,0.00010946985
NET_positive_ctr/aug_4_20211111.lif_ctr 3.11.21NET488_MPO633_010.tif_sub_image_38.png,1,7.434783e-13,1.0
NET_positive_ctr/aug_4_20211111.lif_ctr 3.11.21NET488_MPO633_010.tif_sub_image_48.png,1,0.059309017,0.94069093
NET_positive_ctr/aug_4_20211111.lif_ctr 3.11.21NET488_MPO633_010.tif_sub_image_49.png,1,1.492998e-10,1.0
NET_positive_ctr/aug_4_20211111.lif_ctr 3.11.21NET488_MPO633_010.tif_sub_image_50.png,1,0.002198398,0.99780166
NET_positive_ctr/aug_4_20211111.lif_ctr 3.11.21NET488_MPO633_010.tif_sub_image_51.png,1,0.0015081932,0.9984918
NET_positive_ctr/aug_4_20211111.lif_ctr 3.11.21NET488_MPO633_010.tif_sub_image_56.png,1,0.9999937,6.298198e-06
NET_positive_ctr/aug_4_20211111.lif_ctr 3.11.21NET488_MPO633_010.tif_sub_image_58.png,1,0.00047042716,0.99952954
NET_positive_ctr/aug_4_20211111.lif_ctr 3.11.21NET488_MPO633_010.tif_sub_image_67.png,1,1.07856785e-07,0.9999999
NET_positive_ctr/aug_4_20211111.lif_ctr 3.11.21NET488_MPO633_010.tif_sub_image_70.png,1,0.023286989,0.976713
NET_positive_ctr/aug_4_20211111.lif_ctr 3.11.21NET488_MPO633_010.tif_sub_image_77.png,1,0.99999964,3.1510734e-07
NET_positive_ctr/aug_4_20211111.lif_ctr 3.11.21NET488_MPO633_010.tif_sub_image_83.png,1,0.999997,2.9864389e-06
NET_positive_ctr/aug_4_20211111.lif_ctr 3.11.21NET488_MPO633_013.tif_sub_image_102.png,1,0.99728644,0.0027135373
NET_positive_ctr/aug_4_20211111.lif_ctr 3.11.21NET488_MPO633_013.tif_sub_image_24.png,1,2.4900488e-05,0.99997514
NET_positive_ctr/aug_4_20211111.lif_ctr 3.11.21NET488_MPO633_013.tif_sub_image_35.png,1,0.99991566,8.4358544e-05
NET_positive_ctr/aug_4_20211111.lif_ctr 3.11.21NET488_MPO633_013.tif_sub_image_50.png,1,2.1930767e-14,1.0
NET_positive_ctr/aug_4_20211111.lif_ctr 3.11.21NET488_MPO633_013.tif_sub_image_52.png,1,0.999965,3.5056506e-05
NET_positive_ctr/aug_4_20211111.lif_ctr 3.11.21NET488_MPO633_013.tif_sub_image_53.png,1,3.270301e-32,1.0
NET_positive_ctr/aug_4_20211111.lif_ctr 3.11.21NET488_MPO633_016.tif_sub_image_36.png,1,0.9999988,1.1474557e-06
NET_positive_ctr/aug_4_20211111.lif_ctr 3.11.21NET488_MPO633_016.tif_sub_image_38.png,1,0.9985423,0.0014576946
NET_positive_ctr/aug_4_20211111.lif_ctr 3.11.21NET488_MPO633_016.tif_sub_image_43.png,1,1.6385118e-10,1.0
NET_positive_ctr/aug_4_20211111.lif_ctr 3.11.21NET488_MPO633_016.tif_sub_image_86.png,1,0.99987614,0.00012388892
NET_positive_ctr/aug_4_20211111.lif_ctr 3.11.21NET488_MPO633_016.tif_sub_image_90.png,1,4.3657803e-11,1.0
NET_positive_ctr/aug_4_20211111.lif_ctr 3.11.21NET488_MPO633_016.tif_sub_image_95.png,1,0.99994826,5.171855e-05
NET_positive_ctr/aug_4_20211111.lif_ctr 3.11.21NET488_MPO633_016.tif_sub_image_96.png,1,0.99999833,1.6245665e-06
NET_positive_ctr/aug_4_20211111.lif_ctr 3.11.21NET488_MPO633_020.tif_sub_image_16.png,1,0.99979573,0.0002042602
NET_positive_ctr/aug_4_20211111.lif_ctr 3.11.21NET488_MPO633_020.tif_sub_image_76.png,1,0.99999845,1.5355483e-06
NET_positive_ctr/aug_4_20211111.lif_ctr 3.11.21NET488_MPO633_020.tif_sub_image_77.png,1,0.9999779,2.2148555e-05
NET_positive_ctr/aug_4_20211111.lif_ctr 3.11.21NET488_MPO633_020.tif_sub_image_82.png,1,0.0011667239,0.9988332
NET_positive_ctr/aug_4_20211111.lif_ctr 3.11.21NET488_MPO633_020.tif_sub_image_9.png,1,1.8423098e-05,0.9999816
NET_positive_ctr/aug_4_20211111.lif_ctr_27.10.21NET488_MPO 633_003.tif_sub_image_22.png,1,0.99522513,0.0047749053
NET_positive_ctr/aug_4_20211111.lif_ctr_27.10.21NET488_MPO 633_003.tif_sub_image_39.png,1,0.9999937,6.374457e-06
NET_positive_ctr/aug_4_20211111.lif_ctr_27.10.21NET488_MPO 633_003.tif_sub_image_66.png,1,0.99999833,1.6450008e-06
NET_positive_ctr/aug_4_20211111.lif_ctr_27.10.21NET488_MPO 633_003.tif_sub_image_92.png,1,0.99999785,2.1224735e-06
NET_positive_ctr/aug_4_20211111.lif_ctr_27.10.21NET488_MPO 633_006.tif_sub_image_139.png,1,0.9999711,2.894333e-05
NET_positive_ctr/aug_4_20211111.lif_ctr_27.10.21NET488_MPO 633_006.tif_sub_image_78.png,1,0.9999842,1.5825366e-05
NET_positive_ctr/aug_4_20211111.lif_ctr_27.10.21NET488_MPO 633_009.tif_sub_image_10.png,1,0.9999918,8.259819e-06
NET_positive_ctr/aug_4_20211111.lif_ctr_27.10.21NET488_MPO 633_009.tif_sub_image_107.png,1,0.9582011,0.041798893
NET_positive_ctr/aug_4_20211111.lif_ctr_27.10.21NET488_MPO 633_009.tif_sub_image_120.png,1,0.98428,0.015720014
NET_positive_ctr/aug_4_20211111.lif_ctr_27.10.21NET488_MPO 633_009.tif_sub_image_129.png,1,0.0044771573,0.99552286
NET_positive_ctr/aug_4_20211111.lif_ctr_27.10.21NET488_MPO 633_009.tif_sub_image_184.png,1,0.00012769815,0.9998723
